counts_n_1:m, answer here with values comma-separated
fingerprint_r_1:n, answer here with values comma-separated
thetaML_1:n, answer here with values comma-separated
thetaLap_1:n, answer here with values comma-separated
thetaWB_1:n, answer here with values comma-separated
thetaNE_1:n, answer here with values comma-separated
test_logL_Lap, answer here with values comma-separated
test_logL_WB, answer here with values comma-separated
test_logL_NE, answer here with values comma-separated
train_logL_ML, answer here with values comma-separated
train_logL_Lap, answer here with values comma-separated
train_logL_WB, answer here with values comma-separated
train_logL_NE, answer here with values comma-separated